query, baselineQuery, nlQuery, mlQuery
query, baselineQuery, nlQuery, mlQuery
query, baselineQuery, nlQuery, mlQuery
query, baselineQuery, nlQuery, mlQuery
query, baselineQuery, nlQuery, mlQuery
query, baselineQuery, nlQuery, mlQuery
query, baselineQuery, nlQuery, mlQuery
query, baselineQuery, nlQuery, mlQuery
query, baselineQuery, nlQuery, mlQuery
query, baselineQuery, nlQuery, mlQuery
query, baselineQuery, nlQuery, mlQuery
query, baselineQuery, nlQuery, mlQuery
query, baselineQuery, nlQuery, mlQuery
query, baselineQuery, nlQuery, mlQuery
query, baselineQuery, nlQuery, mlQuery
query, baselineQuery, nlQuery, mlQuery
query, baselineQuery, nlQuery, mlQuery
query, baselineQuery, nlQuery, mlQuery
query, baselineQuery, nlQuery, mlQuery
query, baselineQuery, nlQuery, mlQuery
query, baselineQuery, nlQuery, mlQuery
query, baselineQuery, nlQuery, mlQuery
query, baselineQuery, nlQuery, mlQuery
